{
  "hash": "a6c6c16e",
  "configHash": "f362510b",
  "lockfileHash": "10412c16",
  "browserHash": "7d9ef47a",
  "optimized": {
    "@angular/common": {
      "src": "../../../../../../node_modules/@angular/common/fesm2022/common.mjs",
      "file": "@angular_common.js",
      "fileHash": "1bccab40",
      "needsInterop": false
    },
    "@angular/core": {
      "src": "../../../../../../node_modules/@angular/core/fesm2022/core.mjs",
      "file": "@angular_core.js",
      "fileHash": "115540db",
      "needsInterop": false
    },
    "@angular/forms": {
      "src": "../../../../../../node_modules/@angular/forms/fesm2022/forms.mjs",
      "file": "@angular_forms.js",
      "fileHash": "da87d3a2",
      "needsInterop": false
    },
    "@angular/platform-browser": {
      "src": "../../../../../../node_modules/@angular/platform-browser/fesm2022/platform-browser.mjs",
      "file": "@angular_platform-browser.js",
      "fileHash": "3908018a",
      "needsInterop": false
    },
    "@angular/platform-server": {
      "src": "../../../../../../node_modules/@angular/platform-server/fesm2022/platform-server.mjs",
      "file": "@angular_platform-server.js",
      "fileHash": "a9e34e1a",
      "needsInterop": false
    },
    "@angular/router": {
      "src": "../../../../../../node_modules/@angular/router/fesm2022/router.mjs",
      "file": "@angular_router.js",
      "fileHash": "7360314a",
      "needsInterop": false
    },
    "@angular/ssr": {
      "src": "../../../../../../node_modules/@angular/ssr/fesm2022/ssr.mjs",
      "file": "@angular_ssr.js",
      "fileHash": "0c3071d7",
      "needsInterop": false
    },
    "@angular/ssr/node": {
      "src": "../../../../../../node_modules/@angular/ssr/fesm2022/node.mjs",
      "file": "@angular_ssr_node.js",
      "fileHash": "9149d2e7",
      "needsInterop": false
    },
    "express": {
      "src": "../../../../../../node_modules/express/index.js",
      "file": "express.js",
      "fileHash": "f9452253",
      "needsInterop": true
    },
    "ng2-charts": {
      "src": "../../../../../../node_modules/ng2-charts/fesm2015/ng2-charts.mjs",
      "file": "ng2-charts.js",
      "fileHash": "7d01d533",
      "needsInterop": false
    }
  },
  "chunks": {
    "xhr2-TXIMV6CV": {
      "file": "xhr2-TXIMV6CV.js"
    },
    "chunk-J6MMCFQC": {
      "file": "chunk-J6MMCFQC.js"
    },
    "chunk-PRIRRMF4": {
      "file": "chunk-PRIRRMF4.js"
    },
    "chunk-AKUGYVIZ": {
      "file": "chunk-AKUGYVIZ.js"
    },
    "chunk-LWKPCSVQ": {
      "file": "chunk-LWKPCSVQ.js"
    },
    "chunk-C3HG7CUI": {
      "file": "chunk-C3HG7CUI.js"
    },
    "chunk-M5ZY6E77": {
      "file": "chunk-M5ZY6E77.js"
    },
    "chunk-YHCV7DAQ": {
      "file": "chunk-YHCV7DAQ.js"
    }
  }
}