{
  "hash": "babd38c1",
  "configHash": "e3ff6ad8",
  "lockfileHash": "10412c16",
  "browserHash": "9e884f45",
  "optimized": {
    "@angular/common": {
      "src": "../../../../../../node_modules/@angular/common/fesm2022/common.mjs",
      "file": "@angular_common.js",
      "fileHash": "6162dcbb",
      "needsInterop": false
    },
    "@angular/core": {
      "src": "../../../../../../node_modules/@angular/core/fesm2022/core.mjs",
      "file": "@angular_core.js",
      "fileHash": "739cc48b",
      "needsInterop": false
    },
    "@angular/forms": {
      "src": "../../../../../../node_modules/@angular/forms/fesm2022/forms.mjs",
      "file": "@angular_forms.js",
      "fileHash": "2e296052",
      "needsInterop": false
    },
    "@angular/platform-browser": {
      "src": "../../../../../../node_modules/@angular/platform-browser/fesm2022/platform-browser.mjs",
      "file": "@angular_platform-browser.js",
      "fileHash": "f9d60382",
      "needsInterop": false
    },
    "@angular/router": {
      "src": "../../../../../../node_modules/@angular/router/fesm2022/router.mjs",
      "file": "@angular_router.js",
      "fileHash": "41b48ca4",
      "needsInterop": false
    },
    "ng2-charts": {
      "src": "../../../../../../node_modules/ng2-charts/fesm2020/ng2-charts.mjs",
      "file": "ng2-charts.js",
      "fileHash": "7b2d6694",
      "needsInterop": false
    }
  },
  "chunks": {
    "chunk-L5DUJR7Q": {
      "file": "chunk-L5DUJR7Q.js"
    },
    "chunk-NLCJELRR": {
      "file": "chunk-NLCJELRR.js"
    },
    "chunk-5WT6ZK65": {
      "file": "chunk-5WT6ZK65.js"
    }
  }
}